run,geometry,mesh,surface_vertices,p_reached_mmHg,GOA_unloaded_cm2,GOA_cm2_at75,max_u_mm_at75,GOA_cm2_at80,max_u_mm_at80,GOA_cm2_at120,max_u_mm_at120,junction_vm_median_MPa,junction_vm_p95_MPa,far_vm_median_MPa
crease_c,crease,"24x33, 2 layers",1130,120.0,0.004988857969737965,1.967965889673579,9.27074848729967,2.016839870279891,9.509944996365515,nan,nan,nan,nan,nan
crease_m,crease,"40x56, 2 layers",3113,76.91406249999999,0.001405590935918236,2.0247735402456546,9.690747087795842,nan,nan,nan,nan,nan,nan,nan
crease_f,crease,"56x78, 2 layers",5998,120.0,0.0007572373704066554,2.05598359813967,9.85401704472214,2.139250013301249,10.253982734979127,nan,nan,nan,nan,nan
crease_m4L,crease,"40x56, 4 layers",3113,98.009033203125,0.001405590935918236,2.0297970430624046,9.717864708598622,2.123140159440637,10.157544073891554,nan,nan,nan,nan,nan
crease_mz4,crease,"40x56, 2 layers, corner cut z<1/4",3086,120.0,0.001405590935918236,2.1748500682380794,10.397689974268651,2.2092128072101933,10.758817795555332,nan,nan,nan,nan,nan
fillet_c,fillet,"24x33, 2 layers",1211,120.0,0.006498383446692409,1.9882974656058046,9.357479779262023,2.0364983463273107,9.59389329569202,2.3091978356870246,11.392162352550992,1.43004920920532,2.7966414820869914,0.8037848721636599
fillet_m,fillet,"40x56, 2 layers",3329,120.0,0.0031279347588039617,2.0302078319626906,9.71091129306967,2.1190075241184827,10.124176643444125,2.2762852310255592,12.446609446876424,1.4899070795744938,3.0758572645361366,0.9774179843186125
fillet_f,fillet,"56x78, 2 layers",6353,120.0,0.0025488708873165193,2.0685695761327683,9.892013494142033,2.148470491870318,10.278223319837066,2.2634418913117993,12.801020191763989,1.602214270058925,3.298671498614769,1.02134031005117
fillet_mz4,fillet,"40x56, 2 layers, corner cut z<1/4",3286,120.0,0.0031279347588039617,2.189321715761406,10.508344694399788,2.220012100950241,10.85962618799152,2.2230756952788795,14.01982906122532,1.735464350510426,3.3763195581635617,1.0808857924796196
